Description,Words
talent trying handles invoicing vetted adding pool click,pilot
dresses rent women lets,curtsy
visually cross android native ios new,draft
visually cross android native ios new,bit
agent works actually support business,percept
agent works actually support business,ai
claims industry decent afford doesnt cloudbased handle software entire,ai
claims industry decent afford doesnt cloudbased handle software entire,insurance
images resonate allure conversion scalable stunning clients works,allure
images resonate allure conversion scalable stunning clients works,systems
stock trading free api,alpaca
task calendar list daily part tooling complement workload asana knowledge jira,sun
natural language search employees,ask
natural language search employees,data
nuclear medicine manufacturing,atomic
nuclear medicine manufacturing,alchemy
cameras visitor existing physical stores retail,aura
cameras visitor existing physical stores retail,vision
implementing error prevents when,avo
close friends network social,basement
drivethru ordering replace experiences voice,ben
drivethru ordering replace experiences voice,sen
pediatricians avoiding peace unnecessary urgent mind,blueberry
pediatricians avoiding peace unnecessary urgent mind,medical
restocking figure reorder weight automatic sensors,bottomless
hydrofoils container ships speed,boundary
hydrofoils container ships speed,layer
qualified applicants programs training,career
qualified applicants programs training,karma
ui ux school digital marketing analytics,career
ui ux school digital marketing analytics,tu
benefits refinancing handle center taxes retirement redesigning loan,catch
labeling images medical scale,centaur
labeling images medical scale,labs
success elegant playbook delightful workflow,chaser
choose perks workplace lets own,cherry
appliance subscriptions furniture rental,city
appliance subscriptions furniture rental,furnish
retailer manufacturers brands sell any software,convictional
retails robots autonomous Unnamed: 0,tao
retails robots autonomous Unnamed: 0,
ssh because syncs sysadmins reason,term
getting opensource paid,dev
getting opensource paid,flight
getting opensource paid,
staging environments demand engineering,dock
staging environments demand engineering,up
engineering expand domain are mom monthly mechanical current by year started,skill
instructional teachers effective educational,tailor
proteins produces difficult quickly scale,ex
proteins produces difficult quickly scale,gen
bootcamp learn tech sales,flock
bootcamp learn tech sales,jay
fuzzing service,fuzz
fuzzing service,buzz
fuzzing service,
spatial data rapid pairing planning leverage operations integrated,geo
spatial data rapid pairing planning leverage operations integrated,site
spreadsheets amazing apps,glide
internal productivity link memorable url significantly links,go
internal productivity link memorable url significantly links,links
bags reserve seats websites booking,gordian
bags reserve seats websites booking,software
energy renewable green deliver direct,green
energy renewable green deliver direct,energy
restaurants power delivery we,habitat
restaurants power delivery we,logistics
unpaid invoices collection construction automates process,handle
miles wideroe allelectric sas scandinavian bra swedish lois worth range,heart
miles wideroe allelectric sas scandinavian bra swedish lois worth range,aerospace
clinic fertility phone,in
clinic fertility phone,to
train courses hire college,inside
train courses hire college,sherpa
cash made management easy,inter
cash made management easy,prime
tattoos try augmented reality buy app,ink
they sharedequity educators flagship near essential traditional serve,landed
department emergency managers landlords maintenance,latch
department emergency managers landlords maintenance,el
gathering magic stock market,mage
actual qa uses robots,team
unilever nestle farmers practices,thrive
firmware developer engineers builds,mem
firmware developer engineers builds,fault
assistant doctors ai,bot
algorithmic trading code,mud
algorithmic trading code,rex
city airbnb hosted meet,my
city airbnb hosted meet,scoot
ships retailers brands products,nab
ships retailers brands products,is
ocean forwarder containers freight shipping,now
ocean forwarder containers freight shipping,ports
democracy powers financial modern,numero
kubernetes missing development application,ok
kubernetes missing development application,to
visualization open global research development access,our
visualization open global research development access,world
cashierless age bring checkout,in
opened upgrades doors handicap handsfree completely,portal
opened upgrades doors handicap handsfree completely,entryways
grab brand go next generation,positive
mailchimp message sms text automation,postscript
testing automated software,preflight
remove co gasoline air,prometheus
remove co gasoline air,prometheus
secondtier ridesharing cities latin,pronto
kiosks connected smart network,pulse
kiosks connected smart network,active
raw innovation factories materials,re
raw innovation factories materials,leaf
finds teammates gamers chat,rune
writing assistant businesses ai,sapling
writing assistant businesses ai,intelligence
carbon nanotubes markets variety concrete highstrength onetwentieth,saratoga
carbon nanotubes markets variety concrete highstrength onetwentieth,energy
infused beverages cannabis,california
patent firm law,cognition
bioreactors run automated,culture
bioreactors run automated,biosciences
desktop speed across work cloud all,slapdash
mining genomic large scale,spiral
mining genomic large scale,genetics
machinelearning annotated features develop training,superb
machinelearning annotated features develop training,ai
converting flutter figma productionready sketch react actual saving mobile,supernova
eliminates ineffective schools spending,glimpse
immediately predicts write say,point
immediately predicts write say,api
east heavy middle equipment,tender
cures nanoparticles deliver,sixfold
cures nanoparticles deliver,bioscience
publication asian south premium,the
publication asian south premium,juggernaut
podcast player fastest,podcast
podcast player fastest,app
driven firm professional,traverse
driven firm professional,technologies
genetic cure disease using,helix
genetic cure disease using,nanotechnologies
furnished apartments coliving here international students,union
furnished apartments coliving here international students,apartment
bankruptcy turbotax nonprofit,upsolve
uber kids,van
uber kids,go
netflix games video,vector
netflix games video,dash
property valuations valuation verify transactions,just
property valuations valuation verify transactions,appraised
elections voting machines nonprofit secure affordable,voting
elections voting machines nonprofit secure affordable,works
hail damage monitors properties,weather
hail damage monitors properties,check
runs membership programs small,with
runs membership programs small,friends
factorys operational manufacturers efficiency increase saas,work
factorys operational manufacturers efficiency increase saas,clout
potted owning indoor buying plants,leon
potted owning indoor buying plants,george
commissions teams pay sales,captivate
commissions teams pay sales, iq
investing everyone made india,grow
workflows legal compliance modern,abacus
advancing identifies surgery surgical tissue dysfunction,allotrope
advancing identifies surgery surgical tissue dysfunction,medical
accessible apis market financial,alpha
accessible apis market financial,vantage
plussize basics fashion brand,and
plussize basics fashion brand,comfort
convert code design,anima
convert code design,app
survivors softwaredevelopmentasaservice consultancy transformed trafficking,annie
survivors softwaredevelopmentasaservice consultancy transformed trafficking,cannons
hospital sensors efficiency deploy increase software,apprentice
hospital sensors efficiency deploy increase software,health
teachers assistant voice,ask
teachers assistant voice,class
handson trains exploiting practice patching written,hunter
marine port streamline terminals container,blue
marine port streamline terminals container,cargo
cyber security well experts startup,paladin
cyber security well experts startup,cyber
missed chats receptionist rescues,brain
missed chats receptionist rescues,hi
cryptocurrency exchange africa,buy
cryptocurrency exchange africa,coins
bookings offline bring hotel,canary
bookings offline bring hotel,technologies
india alibaba corporations enterprises supply,bulk
india alibaba corporations enterprises supply,supply
survey research focused college students analytics,college
survey research focused college students analytics,pulse
warehouses scan inventory drones,corvus
warehouses scan inventory drones,robotics
antibody modeling analysis,macro
trials clinical distributed,cure
trials clinical distributed,base
securitization insurance marketplace,ledger
securitization insurance marketplace,investing
diagnosis cheaper cancer faster Unnamed: 0,data
diagnosis cheaper cancer faster Unnamed: 0,driven
influencers cpg digital products,demeanor
influencers cpg digital products,co
poisoning crowdsource outbreaks prevent,dine
poisoning crowdsource outbreaks prevent,safe
parenting special expertise,exceptionally
trivia hq shows tv idol american,fame
trivia hq shows tv idol american,game
bounty bug testing security,federacy
were charities highimpact head vanguard outcomes donors put, effective
were charities highimpact head vanguard outcomes donors put,altruism
bear romania trips mongolia retreats croatia else festivals,fixers
repayment benefit loan employee,goodly
injection molding plastic weeks aws,voodoo
injection molding plastic weeks aws,manufacturing
uti refilling birth prevention treatments primary expert labs,hey
uti refilling birth prevention treatments primary expert labs,doctor
uti refilling birth prevention treatments primary expert labs,
posture areas shape undergarments,honey
posture areas shape undergarments,love
dental insurance api,one
sourcing investment estate real,quan
interesting conversations read,rhythm
fraudulent identify documents,inscribe
lenses contact amazon starting,jet
lenses contact amazon starting,lenses
indias inbox sms powered,khat
indias inbox sms powered,book
worlds strongest sheer toughest,sheer
industrial bn avoidance revolution,iris
industrial bn avoidance revolution,automation
vitamin packs chinese daily,lemon
vitamin packs chinese daily,box
redeploy resell excess supplies equipment,medinas
redeploy resell excess supplies equipment,health
traumatic traumas event; illness tangible emotional,mental
traumatic traumas event; illness tangible emotional,happy
transfers cash lives,new
transfers cash lives,incentives
reconciling moving managing money,modern
reconciling moving managing money,treasury
shuttle satellites small service,moment
shuttle satellites small service,us
visitor personalize convert order each website,mutiny
space systems frequency manufactures propellant resonant propulsion,prime
space systems frequency manufactures propellant resonant propulsion,lightworks
coaches successful transforms employees,nestor
coaches successful transforms employees,nestor
credit issued extended informally handled still indian biggest paper smbs,ok
credit issued extended informally handled still indian biggest paper smbs,credit
supercharged entrepreneurs number gives professionals,open
supercharged entrepreneurs number gives professionals,phone
chains repairs locations maintenance restaurant retailers,open
chains repairs locations maintenance restaurant retailers,wrench
voter strengthen turnout democracy simplify political,vote
vote democrats go get app,outvote
fdicinsured gigeconomy underwrite avg debit report freelancers loans bank,oxygen
overhead scene responders view arrive,paladin
overhead scene responders view arrive,drones
students companionship grandkids lessons senior citizens,papa
recovery injury hardware,penta
recovery injury hardware,medical
navigation detections safety artificial revolutionary completely,phi
navigation detections safety artificial revolutionary completely,ar
relationship manufacturers powers packaging,georgette
relationship manufacturers powers packaging,packaging
gloves highperformance ar,plexus
outdoors gym unlimited classes fitness,public
outdoors gym unlimited classes fitness,recreation
hundreds manufacture sourcing fastest,sour
tokenize investment funds estate,realty
tokenize investment funds estate,bits
restoration contractors homeowners interact,start
restoration contractors homeowners interact,closing
compliance regulatory reduce cost improve ai,reg
compliance regulatory reduce cost improve ai,ology
compliance regulatory reduce cost improve ai,
subscriptions managing inapp api simple,revenue
subscriptions managing inapp api simple,cat
perspectives impactful breaks noteworthy controversial,blitz
realestate spaces capture anyone,send
realestate spaces capture anyone,reality
grocery buyer guarantees replaces,shelf
grocery buyer guarantees replaces,engine
shipping consolidating discounted latam volume,sky
shipping consolidating discounted latam volume,drop
cloud ai,snark
cloud ai,ai
depositing trade cryptocurrency funds exchange,spark
depositing trade cryptocurrency funds exchange,swap
trends marketers prediction,spate
cheaply developed organic locally farming,click
cheaply developed organic locally farming,grow
substitutes cambridge glycoscience sugar,stem
substitutes cambridge glycoscience sugar,sugar
latam filing preparation turbotax,tri
synthesis contracts program secure,synthetic
synthesis contracts program secure,minds
emotive acting synthesis neural,voice
harassment against protecting employees,tall
harassment against protecting employees,poppy
models voice customers speechtotext transcribe unparalleled types accuracy,assembly
models voice customers speechtotext transcribe unparalleled types accuracy,ai
ethnic food fresh easytomake population secondgen homemade,the
ethnic food fresh easytomake population secondgen homemade,buttermilk
eggs meat dairy gfi plantbased pricecompetitive delicious produced possible,the
eggs meat dairy gfi plantbased pricecompetitive delicious produced possible,good
blackrock explain investment funds,titan
blackrock explain investment funds,titan
report bugs gather feedback website,toy
report bugs gather feedback website,box
fleets pool trucking,via
fleets pool trucking,opt
lift firefighting hipressure heavy cleaning,aer
lift firefighting hipressure heavy cleaning,ones
lift firefighting hipressure heavy cleaning,
materials enable next generation,tech
flagging total framework what see,airship
redefining intuitive wholesale seamless operations,plate
redefining intuitive wholesale seamless operations,iq
esports connects teams Unnamed: 0,guilded
orthodontic aligner braces clear replacing,archform
sea reinventing banking small,aspire
firm proprietary law startups powered,atrium
lighting energy fixtures led grows,thrive
lighting energy fixtures led grows,agritech
heirloom indoor farms grow produce,beanstalk
farm growers addresses common tractors hazardous shortage optimize,bear
farm growers addresses common tractors hazardous shortage optimize,flag
cryptocurrency about store learn,ben
end residency schedules scheduling,reschedule
gen p social marketplace,bump
physical world api,standard
physical world api,cyborg
fares accepting rideshare drivers profitable multiple,myst
growth predictive analytics teams,clear
growth predictive analytics teams,brain
plugins cloudbased dev discuss ide,code
plugins cloudbased dev discuss ide,stream
organism company the,ginkgo
manager tax portfolio cryptocurrency,coin
manager tax portfolio cryptocurrency,tracker
hedge crowdfunding funds,sliced
hedge crowdfunding funds,investing
authors patreon professional,curious
authors patreon professional,fictions
skincare prescription everyone accessible personalized products,dear
skincare prescription everyone accessible personalized products,brightly
toeic methods assistants prepares toefl standardized chatbots outcomes humans tests,edwin
toeic methods assistants prepares toefl standardized chatbots outcomes humans tests,edwin
keys password api Unnamed: 0,en
keys password api Unnamed: 0,key
keys password api Unnamed: 0,
invest loans safe lending available engineering,theorem
wechat indonesia pay,pay
powder doorstep protein directly delivered,gainful
songs canonical permalinks,bop
roofing estimates satellite homeowners instant,roof
roofing estimates satellite homeowners instant,
checkr screening background india online,hello
checkr screening background india online,verify
cryptocurrency community create your,hex
cryptocurrency community create your,el
work fulfilling people meaningful reinventing problems solving recruiting goal,source
diagnosis project human the,human
inbox email new,post
hub buying selling personalized,data
hub buying selling personalized,marketplace
values helping share developers,key
values helping share developers,values
dispensers bubble tea selfserve,lambda
dispensers bubble tea selfserve,tea
embarassement errors careless converts templates,law
embarassement errors careless converts templates,yaw
endurance events marketplace,lets
endurance events marketplace,this
hypertargeted outdoor advertising,light
hypertargeted outdoor advertising,out
hypertargeted outdoor advertising,
fintech optimise year bills,look
fintech optimise year bills,after
similar organizers publish lists groups,people
similar organizers publish lists groups, pages
them augments obstacles freely disabled capacities bracelet sonar,sun
noshows peak prioritizing restaurants; deposits bookings guarantees table profit,me
noshows peak prioritizing restaurants; deposits bookings guarantees table profit,re
music collections upload player,anywhere
continue died after mind body has,mind
continue died after mind body has,emulation
thousand selfie emoji look turns photos,mirror
thousand selfie emoji look turns photos,ai
mental spectrum wellbeing cover evidencebased coach therapist both,modern
mental spectrum wellbeing cover evidencebased coach therapist both,health
stunning stories create video,mojo
water aka utility desalination unusable sustainable alternative fresh,water
pending candidates recruiting job offers a,new
pending candidates recruiting job offers a,craft
fraud reduce payment,technologies
engineers certified shortage solves,ne
engineers certified shortage solves,gent
supplements liquid personalized based,nut
supplements liquid personalized based,gene
qa reduction assurance coverage centers in,observe
qa reduction assurance coverage centers in,ai
dapp ecosystem developer focus,obsidian
dapp ecosystem developer focus,labs
quantitative art assets investment,art
outside organization messenger talk,open
outside organization messenger talk,land
items digital backed collectibles art gaming contracts include,open
items digital backed collectibles art gaming contracts include,sea
furniture robots quickly beautiful using,orangewood
furniture robots quickly beautiful using,labs
ordering food provides service,our
ordering food provides service,menu
data share fax sent mail still clinical today set,bloom
data share fax sent mail still clinical today set, api
thanks productionizing css ever html even again,page
thanks productionizing css ever html even again,draw
birds wing takingoff droneswe capable aircraft,passerine
birds wing takingoff droneswe capable aircraft,aircraft
bots qa games,do
career yc your,path
career yc your,rise
gut microbiome cure cancer,persephone
gut microbiome cure cancer,biome
hang out college around students,playbook
amazon go stores make,ai
cores several onto spreading speeds,io
baby curate photos ai,precious
justice criminal system incarceration recidivism alternatives helps navigate supports,promise
conversions increase personalized website,proof
ycombinator exec september wheel fallen preseries killer cpg launching revolutionize,proven
portable homes beautiful,box
were gartner analyst executives paytoplay buyers crowdsourced instead,pulse
auditing contracts blockchain,quant
auditing contracts blockchain,stamp
quit smoking personalised therapy delivers,quit
quit smoking personalised therapy delivers,genius
modoo fetal mothertobe movement mothers pregnancy distress consultation benefit,technology
exporters indian trade,capital
scratch pharma machine learning,reverie
scratch pharma machine learning,labs
safety membership net,safety
safety membership net,wing
remittance debitcard unbanked checking account countries,neem
massive p streaming quality high,peer
storefront builder ecommerce,shogun
cargo retrofit ships existing autonomous,shone
turk mechanical enterprises,play
employ crustacean shrimp kind cellular cellbased,meats
photoshop ar vr,sketch
photoshop ar vr,box
scooters lastmile transportation,skip
note teams app the,slite
skip Ã°\\x9f\\x8e\\x81 points gifts collect,snack
skip Ã°\\x9f\\x8e\\x81 points gifts collect,pass
telemedicine phones easier cheaper uses,reliance
facetoface messenger screen sharing,squad
work unifying interface within desktop employee browser,station
publishing subscription platform the,sub
publishing subscription platform the,stack
publishing subscription platform the,
crystallized starbucks coffee fresh,sudden
crystallized starbucks coffee fresh,coffee
agentled indonesia commerce app,super
vr surf install having thousands,super
vr surf install having thousands,medium
minds measures advocacy changes,swayable
refugees ngos lawyers struggling translators aid bilinguals immigrants,tar
refugees ngos lawyers struggling translators aid bilinguals immigrants,ly
valuable extract conversations insights automatically customer,scope
valuable extract conversations insights automatically customer,ai
gmo non ingredients natural whole,foods
relaxation video called fall technique relax asmr genre,tingles
never text have so,tipe
leadership performers raise level,torch
leadership performers raise level,leadership
banking apis automate to,treasury
banking apis automate to,prime
website\\x1f awesome phone make,universe
palsy walk cerebral wearable children,robotics
fix ship booking mission experience,ship
prevetted shoot photographer fixed ahead,snap
alexa voicecontrolled google games home,volley
bay weekend getaways near messenger,wing
bay weekend getaways near messenger,it
gathered slack suite productivity,work
gathered slack suite productivity,tics
gathered slack suite productivity,
team get worldclass teamhire pm colocated onsite dev europe,you
team get worldclass teamhire pm colocated onsite dev europe,team
team get worldclass teamhire pm colocated onsite dev europe,
team get worldclass teamhire pm colocated onsite dev europe,
conversations phrases generates analyzing maximize analyzes our,voice
resistance antibiotics solve drug,therapeutics
satellite imagery other infrstructure roads feature,crowd
satellite imagery other infrstructure roads feature,ai
earning peoples indias members vehicle turning,drive
thermodynamic mw storage energy systems,air
thermodynamic mw storage energy systems,um
appraisal vehicle tradeins dealerships appraise condition cosmetic,auto
appraisal vehicle tradeins dealerships appraise condition cosmetic,hub
mother prenatal expecting genetic,billion
mother prenatal expecting genetic,one
simplifies grants nonprofits researchers process the,instrument
drugs ibs digitally behavioral affects additional per medicine year diseases dont individual,caelum
drugs ibs digitally behavioral affects additional per medicine year diseases dont individual,health
contraceptive firstinclass unisex nonhormonal revolutionizing,therapeutics
managed automotive services,car
managed automotive services,dash
fertility benefits customized modern,carrot
fertility benefits customized modern,fertility
nextgen provider payments digital,cash
nextgen provider payments digital,free
activities local marketplace,co
activities local marketplace,social
collectibles marketplace,covet
collectibles marketplace,ly
dermatologist india ai,cure
dermatologist india ai,skin
thc cannabinoids involved cbd pure yeast,therapeutics
readytoeat below class middle,dah
readytoeat below class middle,an
concessions stadiums sells tickets sports app,live
borrowing blockchains protocol lending,dharma
borrowing blockchains protocol lending,labs
disclosures agents review property,disclosures
disclosures agents review property,io
indie pc play subscription,drop
indie pc play subscription,leaf
lidar lowcost small,loco
lidar lowcost small,ai
protein insect animals factory farm produce,en
protein insect animals factory farm produce,cycle
approval fda companies turbotax think,enzyme
cells cuttingedge biotech kinds machines,cellworks
hiring india software,fast
hiring india software,pad
equipment gear dj insured photography peertopeer fully,fat
equipment gear dj insured photography peertopeer fully,llama
aspire light furniture subscription,feather
wireless crime license neighborhoodswhile solved nonviolent plate cameras,flock
wireless crime license neighborhoodswhile solved nonviolent plate cameras,safety
warehousing ondemand business,flow
warehousing ondemand business,space
healthier stem longer bank,forever
healthier stem longer bank,labs
coordinate meet group messaging friends,friend
coordinate meet group messaging friends,spot
coordinate meet group messaging friends,
fantasy messenger sports play facebook,game
fantasy messenger sports play facebook,day
multiplayer competitive games mobile,game
multiplayer competitive games mobile,lynx
multiplayer competitive games mobile,
recruiters automation email,gem
message electronic events single music find,goose
message electronic events single music find,bump
whitelabel builds ecommerce search,mind
hire typically reviewing decide would good culture spent companies applicants recruiters,head
hire typically reviewing decide would good culture spent companies applicants recruiters,start
africas records electronic hospitals,helium
africas records electronic hospitals,health
roboadvisor latin america,inc
engages healthcare industry developing medical,help
engages healthcare industry developing medical,wear
couples simplest together money manage,honey
couples simplest together money manage,due
checkin accordingly model anytime room flexible,hotel
checkin accordingly model anytime room flexible,flex
checkin accordingly model anytime room flexible,
algorithm type created algorithms,neo
cars digital advertisers audiencebrands ooh billboards rideshare advertisement displays,it
temperature when insulation warm thick kestrel bedding,kestrel
temperature when insulation warm thick kestrel bedding,materials
income train exchange engineers future free,lambda
income train exchange engineers future free,school
my hr result salary contribution? employees why dental month? eg,ai
do customer support,loop
do customer support,support
recurring solution payments india,lotus
recurring solution payments india,pay
recurring solution payments india,
speaks itself our tech,lyrebird
campuses districts fleets residential central deploys,may
campuses districts fleets residential central deploys,mobility
meeting scheduling automated teams,meeting
meeting scheduling automated teams,bird
stand athome arent fertility check ready,modern
stand athome arent fertility check ready,fertility
farming improving robots science,modular
farming improving robots science,science
artificial nonprofit research intelligence,open
artificial nonprofit research intelligence,ai
water suppliers urban buyers connect india,next
water suppliers urban buyers connect india,drop
applicant schools tracking system,nimble
finding drug right patient cancer,on
finding drug right patient cancer,box
crm local businesses,one
crm local businesses,local
treatment individualize dataanalytics payonlyforoutcomes appbased supported model,health
mutual indians vanguard portfolios retirement,piggy
humanlike interfaces natural language apis developers,plasticity
mobilefirst originations inperson banks,prelim
economy blockchain community development,prism
economy blockchain community development,labs
reviewers combining review automation,pull
reviewers combining review automation,request
minutes ambulance spent average those long paperwork doing,rig
accelerates datasets integration creation,quilt
accelerates datasets integration creation,data
verifiable burden reduced administrative decisionmaking parse accuracy,rabbet
romantic relationships instant professional,relationship
romantic relationships instant professional,hero
internal dramatically faster,retool
biotechnology strains cannabis creating,rev
biotechnology strains cannabis creating,genomics
comprehensive plans accurate enterprises costs,ribbon
comprehensive plans accurate enterprises costs,health
health police info dollars coordinating chemical streamlining saves homelessness,ride
health police info dollars coordinating chemical streamlining saves homelessness,along
sounding voicecontrolled speaker great beautiful,why
stations ground drones autonomous,air
onestop quotes insurance,safe
onestop quotes insurance,butler
banking small business mobile,seed
houzz websites,sixty
form air transportation creating,skyways
gate theyre expediting airports customs departures sure arrival connections worldwide,solve
china verified quotes procurement requests concierge,source
china verified quotes procurement requests concierge,beacon
ar simplest vr deploy test,construct
ar simplest vr deploy test,vr
checkout aipowered retail,standard
checkout aipowered retail,cognition
diabetes amount hospitalizations correct insulin annual,dose
diabetes amount hospitalizations correct insulin annual,dr
agreements dealsbrokers agree negotiate structure contractswe,sure
agreements dealsbrokers agree negotiate structure contractswe,tics
malicious activity protecting applications,templar
malicious activity protecting applications,bit
thrusters satellites builds modern,tesseract
satisfaction tell decrease analyses churn feedback,thematic
signals wear falls age senior ones sensor fusion loved having,totemic
construction industry modernize violations architects linter building,up
construction industry modernize violations architects linter building,codes
voters strategic candidates defeat centrist extremism incumbents voting advocacy,value
voters strategic candidates defeat centrist extremism incumbents voting advocacy,voting
peer overseas shoppers effective reliable fast,envy
aipowered management building,verge
aipowered management building,sense
consumer financial products marketplace,lend
motorcycle rental user india riders cites motorbike can bikes basis,wheel
motorcycle rental user india riders cites motorbike can bikes basis,street
spread informed something word happens significant,wildfire
vegans amazon,guys
radar definition weather conditions cars selfdriving,zen
radar definition weather conditions cars selfdriving,dar
radar definition weather conditions cars selfdriving,
distribution infrastructure insurance,zinc
distribution infrastructure insurance,platform
radiology radiologist centres vertically ai emerging,alem
radiology radiologist centres vertically ai emerging,health
detect problems before do,net
detect problems before do,
visual intelligence real,ambient
nontechnical analysis accessible business users easy,an
nontechnical analysis accessible business users easy,en
day engineer improving continuous deployment software,armory
lifescience protocols handling app otone experiments mixbio github download,open
partnering biopharma rare globe thought too,per
partnering biopharma rare globe thought too,
audio netflix,beek
support repetitive marries helpdesks requestsweve respond routine stack,bicycle
support repetitive marries helpdesks requestsweve respond routine stack,ai
integration hosted continuous delivery,bit
integration hosted continuous delivery,rise
cloud orange aim democratize setup private under its,proton
inside discovery content video,pulp
podcast company a,breaker
cost versions generic drugs low high,affordable
cost versions generic drugs low high, pharmaceuticals
wework space retail,bulletin
nigeria electricity extremely button purchase light,buy
nigeria electricity extremely button purchase light,power
opinionated discounts dealseeking shoppers,cart
opinionated discounts dealseeking shoppers,cam
genomic scaling services delivery,clear
genomic scaling services delivery,genetics
design mlenabled excited firm brand yc startups,design
patient posttreatment pricing solve billing datadriven,collect
patient posttreatment pricing solve billing datadriven,ly
dairy farms cow cows margins fitbit alerts per charge iot solving recommendations,cow
dairy farms cow cows margins fitbit alerts per charge iot solving recommendations,lar
dairy farms cow cows margins fitbit alerts per charge iot solving recommendations,
customisation specific stack lending,
customisation specific stack lending,cred
companion diagnostic created therapy test,de
companion diagnostic created therapy test,lee
meat production food sft factoryfarmed animalbased seattle,foods
field invoicing scheduling insights,fi
field invoicing scheduling insights,bo
powered experience video ai an,rev
kiosk softwareenabled payback three margin carry period selfserve net,firsthand
learning floyd heroku zerosetup deploy,floyd
learning floyd heroku zerosetup deploy,hub
loudest batterydriven speaker market creating were,sound
urine test first scanwell relief tract fdacleared infections prescription,health
show linkedin sessions candidates recruiters sourcing,strong
show linkedin sessions candidates recruiters sourcing,intro
oven cooking pairing companion countertop meal,to
eggs recreating dairy plants,foods
shooting target sports smart,lit
shooting target sports smart,hit
optimized automation marketing web mobile,market
optimized automation marketing web mobile,fox
optimized automation marketing web mobile,
article recommendations doctors,trend
list marketplaces sellers ecommerce manage,branch
batteries small smallest density battery,batt
supermarket future of,move
emergency situations delivers doctors,call
knowledge assistant work,niles
knowledge assistant work,niles
poverty bus ticket out,no
poverty bus ticket out,lean
smoothies keurig healthy,origin
career students preparing picking successful coach interviews parents right professionals college,paragon
career students preparing picking successful coach interviews parents right professionals college,one
cafe keurig convenience coffee meets,pearl
onboarding staff training professional compliance,go
finances keeping conversation having,penny
ratio oxford fees sharpe phd jp morgan goldman quant committed,pit
ratio oxford fees sharpe phd jp morgan goldman quant committed,ai
alteryx specifically python sql courses,lead
were gartner analyst executives paytoplay buyers crowdsourced instead,pulse
split seo automation testing,rank
split seo automation testing,science
anytime anything move anywhere,lug
sort decentralized requests paypal payment,request
sort decentralized requests paypal payment,network
mailchimp sms Unnamed: 0,riley
unbelievably companys it hr,rippling
fintech adapter safely universal banks,sandbox
surgeons surgeries bone plan,inc
till sdrs representative finding scheduling leads hire an,scribe
bringing transparency stores helping developers,source
bringing transparency stores helping developers,dna
meditation meditations moods situations minute curated,simple
meditation meditations moods situations minute curated,habit
patches generic skin drug,life
respond agents robot leads,smart
respond agents robot leads,alto
technical hiring intelligent,triple
technical hiring intelligent,byte
franchise organizations employee engagement customer,deal
thumbtack planners piano movers korea providers,so
thumbtack planners piano movers korea providers,go
purchasing liquidation excess wholesale selling,source
english conversationally fluent become tutor best,speak
opioid sewage consumption estimate city,analytics
driver add minutes delivery,sycamore
water locate stainless steel for shops bottles bottle refills able,give
water locate stainless steel for shops bottles bottle refills able,me
water locate stainless steel for shops bottles bottle refills able,tap
notetaker calls phone ai,tetra
less costs employees up insurance health,health
vr new presentation going architecture spaces clients comprehensive ideas,insite
vr new presentation going architecture spaces clients comprehensive ideas,vr
ticketing transit mobile transportation agencies public,token
ticketing transit mobile transportation agencies public,transit
palantir city governments,to
palantir city governments,mi
africas commodity exchange were,trade
community black social hairstyle stylists hairstyles inspiration discuss,tress
fuel outbound pipeline call its engage,upcall
maintenance beautiful use teams,upkeep
replicate investments worlds allows best you,in
debug aggregating logs issues monitor,log
debug aggregating logs issues monitor,dna
incontinence muscles stimulation electrical urinary,volt
incontinence muscles stimulation electrical urinary,health
textbased usually handled amounts humans,technologies
art augmented reality music,wavy
are alibaba smes african commerce,ways
are alibaba smes african commerce,cap
lightweight persistent augmented reality,maps
boeing planes electric,wright
boeing planes electric,electric
program education kids best,learning
perks give spotify stubhub individualized blue apron,zestful
incubates currency alternative builds businesses marketplace,abundance
incubates currency alternative builds businesses marketplace,labs
deposit upfront departure date,air
deposit upfront departure date,able
hair curly care products,brands
| gunshots enforcement responders,amber
| gunshots enforcement responders,box
drives away unwanted detects,apollo
drives away unwanted detects,shield
backend reliability libraries path client change proxy,next
maintenance construction project teams management,bull
maintenance construction project teams management,air
furniture furnish innovative people reinventing changing,burrow
shifts professionals healthcare find a,care
shifts professionals healthcare find a,rev
shifts professionals healthcare find a,
crypto portfolios investors easiest new build,coin
crypto portfolios investors easiest new build,bundle
lost recover blockers revenue,co
lost recover blockers revenue,intent
enter advance black give,dev
enter advance black give,color
cultures organizational culture fit,pomello
followup nursing improves operations efficiency,health
catch start schools problems behavior before,emote
event intelligence enablement roi competitive,event
event intelligence enablement roi competitive,geek
process brokerage vastly leverages,insurance
vijayvergiya catalogs arun privately echoworks engineerswe,fabric
mins grocer aipowered under delivers,farmstead
accept anywhere africa payments,flutter
accept anywhere africa payments,wave
flip landline rides concierge seniors groceries,gogo
flip landline rides concierge seniors groceries,grandparent
sepsis death cause neural wearable,medical
food artisan specialty restaurants,hay
food artisan specialty restaurants,wheel
aggregates bills month automatically every business,hello
aggregates bills month automatically every business,bill
aggregates bills month automatically every business,
per based us payasyougo *solved* augment reply incoming needed are,hi
per based us payasyougo *solved* augment reply incoming needed are,operator
states united commerce top social,hush
friend talking grow ai it,rep
sciences robotic laboratory life,transcript
against play games other,players'
against play games other,lounge
honeymoon couples everything wedding,joy
movies feel courses like,jump
movies feel courses like,cut
lawsuits fund algorithms uses,legalist
documents liquidity gathers enhancing pain qualifying aggregator original,lend
documents liquidity gathers enhancing pain qualifying aggregator original,snap
documents liquidity gathers enhancing pain qualifying aggregator original,
past checks fairer background understanding,check
past checks fairer background understanding,
spirits tryathome fine service,flavia
funniest movie contents cartoon everyday creation moments animation love,loll
funniest movie contents cartoon everyday creation moments animation love,cam
browse looks celebrities style,look
browse looks celebrities style,live
browse looks celebrities style,
diy adapter smartphone,lu
diy adapter smartphone,tics
social conversions optimizes saving,nay
api highvolume parameters packed demanding senders sending,message
api highvolume parameters packed demanding senders sending,bird
api highvolume parameters packed demanding senders sending,
selective blocking nonhuman stops,meta
selective blocking nonhuman stops,packet
thats engagement sales use easy software,persist
thats engagement sales use easy software,iq
pills polypills contain release printers medications,multiply
pills polypills contain release printers medications,labs
contractors tax independent insurance,zen
implement consumergrade heartbeat feedbacks midsized namely hands reviews much,rocks
finance global consumer,nova
finance global consumer,credit
outsourced volume high,zoom
retain snacks beverages productive happy catering,oh
retain snacks beverages productive happy catering,my
boot seconds environment favorite programming,it
approach matching leakage increases prevents,one
approach matching leakage increases prevents,chronos
search developerfriendly queries enterprisegrade rewarding regions serves billions centers weekly,algo
peer included buying selling furniture,apt
peer included buying selling furniture,deco
doctor hospital records any medical get,patient
doctor hospital records any medical get,bank
entry manual increases actionable,people
entry manual increases actionable,ai
productivity email business platform,poly
productivity email business platform,mail
productivity email business platform,
arteries tiny physicians navigate,medical
reinventing identity,proxy
broadcasters twitch monetize revlo fan fans,pursuit
recruiting engineers experienced proven boards agency cant selfservice,by
farm maintenance solar construction,raptor
farm maintenance solar construction,maps
oohlala campus os institutions countries higher education,ready
oohlala campus os institutions countries higher education,education
ledger distributed blockchain next,axon
tutors english chat over ondemand,cam
treatment cancer strategies therapies ccg clinicians tailor,cancer
treatment cancer strategies therapies ccg clinicians tailor,genomics
level reading levels fluidly adapt assessment articles adaptive classroom at,rocket
level reading levels fluidly adapt assessment articles adaptive classroom at,lit
erp trucking companies software,rose
erp trucking companies software,rocket
dad neighborhood visits mom trusted,sage
dad neighborhood visits mom trusted,care
leads sales stale cold hot follows handing,sales
leads sales stale cold hot follows handing,whale
checkout scan lets items,self
checkout scan lets items,cart
constituent request systemofrecord government local management,seneca
constituent request systemofrecord government local management,systems
from citizenship signup guides truly,simple
from citizenship signup guides truly,citizen
from citizenship signup guides truly,
planesas inflight entertainment,skylights
construction noise unit airborne risks uv particles protect,smart
construction noise unit airborne risks uv particles protect,site
barbershops opentable,squire
barbershops opentable,technologies
housing known coliving great cities,star
housing known coliving great cities,city
hls comply technologies regulations faces identified,id
suites exclusive hotels luxury,suite
suites exclusive hotels luxury,ness
suites exclusive hotels luxury,
accounting bringing industry ai,sway
accounting bringing industry ai,finance
internetconnected concierge provide your ondemand,tech
internetconnected concierge provide your ondemand,mate
internetconnected concierge provide your ondemand,
sports subscription media,the
sports subscription media,athletic
flex tampons replaces new,the
flex tampons replaces new,flex
testing trained handheld technicians analytical field conduct lab,valid
testing trained handheld technicians analytical field conduct lab,ere
animal biologics pharmaceuticals chain veterinary compare stock whats,vet
animal biologics pharmaceuticals chain veterinary compare stock whats,cove
animal biologics pharmaceuticals chain veterinary compare stock whats,
term short rental industry management,guest
backend augmented reality the,reality
application modern security api,wall
application modern security api,arm
timeseries postgresql extension opensource,Pipeline
timeseries postgresql extension opensource,db
contractor general techenabled commercial,builders
mcafee intercom paypal training,work
mcafee intercom paypal training,ramp
referral invite should flows recommends exactly boost program,yes
referral invite should flows recommends exactly boost program,graph
gets paid higher doctors quality,able
gets paid higher doctors quality,health
taste entertainment tickets great match events,shoo
portfolio estate real diversification passive \\x9cyou unparalleled stocks diversified,alpha
portfolio estate real diversification passive \\x9cyou unparalleled stocks diversified,flow
modernizing operating agencies systems,anchor
modernizing operating agencies systems,health
foundation gotomarket strategy entire your,apollo
foundation gotomarket strategy entire your,io
shopping next generation,shop
shopping next generation,
freelancing allinone freelancers creative solution,bonsai
passenger mainstream supersonic airplanes,boom
charter north america easiest way in,bus
plugandplay cashierless vision powered retail computer,caper
labor manages landlords homes,castle
hackers analyzes stop behavior,castle
hackers analyzes stop behavior,intelligence
messengers audiences chatbots easily,chat
messengers audiences chatbots easily,fuel
messengers audiences chatbots easily,
stories student shared heartfelt relatable funny jokes procrastinate thoughts,chill
stories student shared heartfelt relatable funny jokes procrastinate thoughts,bit
lets update innovate flagging feature changes amazing having go,app
lets update innovate flagging feature changes amazing having go,
spare capital industrial equipment,asset
hunger dumbest disposal technologydriven taxes huge forprofit solves s,co
hunger dumbest disposal technologydriven taxes huge forprofit solves s,pia
insure picture taking anything what its,cover
free no downloads recording limits,daily
free no downloads recording limits,co
any light th switches comparable switch least connected beautiful,de
any light th switches comparable switch least connected beautiful,ko
voice scale transcription achieves selfimproving ai transcribe understanding,deep
voice scale transcription achieves selfimproving ai transcribe understanding,gram
semi trucks selfdriving,embark
semi trucks selfdriving,trucks
communications working events live teams,go
communications working events live teams,comm
prevention motion clothing,en
prevention motion clothing,flux
hiit movements bodyweight wrists,fight
hiit movements bodyweight wrists,camp
offline retailers customers sales; cookie ie purchases ability transactional,flex
offline retailers customers sales; cookie ie purchases ability transactional,engage
pipelines fluid ultrasonics wells ml,flow
pipelines fluid ultrasonics wells ml,command
auto checkout vision stores,focal
auto checkout vision stores,systems
celebrates formulations individuality shampoo conditioners revolutionize founded,function
celebrates formulations individuality shampoo conditioners revolutionize founded,Beauty
inspections industrial develop,gecko
inspections industrial develop,robotics
they trust nurses love jobs,health
esign engage documents track sales,get
esign engage documents track sales,accept
saasmarketplace itineraries entertainers venues speakers comedians streamlines musicians tour,gig
saasmarketplace itineraries entertainers venues speakers comedians streamlines musicians tour,well
longdistance trucking india marketplace,go
longdistance trucking india marketplace,lorry
caterers order restaurants tool,goody
caterers order restaurants tool,bag
burial cremation budget location meets,halo
burial cremation budget location meets,life
inventory b stores connects a marketplace,hinge
inventory b stores connects a marketplace,to
histopathology accelerating research,his
histopathology accelerating research,wiz
histopathology accelerating research,to
mapping relationships professional worlds,index
valve intractable wounds prosthetic,in
valve intractable wounds prosthetic,in
store server app,bit
spend ad time interfaces channels optimizing reporting return sql excel,interstate
spend ad time interfaces channels optimizing reporting return sql excel,analytics
greenhouses sustainable robotic,iron
greenhouses sustainable robotic,ox
ready getting school kids,education
therapy sessions paired inperson,kip
therapy sessions paired inperson,health
gene indee turnaround uniquely,labs
they sharedequity educators flagship near essential traditional serve,landed
performance management checkins weekly reviews goal,lattice
harnesses difficult wisdom cases solve,crowd
harnesses difficult wisdom cases solve,med
messaging automated companies an,lo
messaging automated companies an,cent
longread sequencing dna technology,loop
longread sequencing dna technology,genomics
liver novel diagnostic early,luminist
yeast chemicals highvalue convert,ly
yeast chemicals highvalue convert,gos
guitar hightech enjoyable easier,magic
guitar hightech enjoyable easier,instruments
commuters suburbs routes bus transport cities,magic
commuters suburbs routes bus transport cities,bus
measurable receipts transactional turns actionable insights,mail
measurable receipts transactional turns actionable insights,time
measurable receipts transactional turns actionable insights,
hadoop impatient people,inter
elastic hardwareoriented aws but,mason
upgrading accept parking government card payment,meter
upgrading accept parking government card payment,feeder
gas oil assets management data,mineral
gas oil assets management data,soft
hoas homeowner reach associations hard gain homeowners charge premium vendors,month
hoas homeowner reach associations hard gain homeowners charge premium vendors,li
video relic videodata analyticsvideo stripe,mux
enrichment attribute trend tariff seller classification catalog hts onboarding,semantics
salespeople emails write highly personalized,nova
osvehicle ev modular edit half readytouse complete formerly vehicles selfdriving,open
osvehicle ev modular edit half readytouse complete formerly vehicles selfdriving,motors
exams paperbased ed assessments,train
classes kids live marketplace,out
classes kids live marketplace,school
it patch well servers notifications keep,patchwork
it patch well servers notifications keep,security
whats sends analyzes not working,pave
africa payments infrastructure modern,pay
africa payments infrastructure modern,stack
africa payments infrastructure modern,
pets pet laser keeps camera remotely toy owners watch builtin,pet
pets pet laser keeps camera remotely toy owners watch builtin,cube
pets pet laser keeps camera remotely toy owners watch builtin,
schedule cleaners trainers walkers ycbacked dog,pocket
schedule cleaners trainers walkers ycbacked dog,suite
interaction local businesses an,podium
childcare parents just text quality,poppy
concepts pandora grasp yelp style teachers individual,know
evaluations easytodo quantitative review changing,micro
evaluations easytodo quantitative review changing,eval
hyper bogotÃ\x83Â¡ burgers dollar mexico groceries,rap
hyper bogotÃ\x83Â¡ burgers dollar mexico groceries,pi
issue tracker projects native fast make,real
issue tracker projects native fast make,artists
version environments control software,red
version environments control software,spread
lowestpower silicon embedded vision,reduced
lowestpower silicon embedded vision,energy
relativitys rockets rocket disrupt mars years tradition aerospace humanity longterm,relativity
relativitys rockets rocket disrupt mars years tradition aerospace humanity longterm,space
streetwear sneakers here,restocks
zeroday configuration attacks deploys required,salt
zeroday configuration attacks deploys required,security
websites chat no worlds api,send
websites chat no worlds api,bird
toxin low detection consumer,silver
best looking possible curated designer know great,scout
spinal cord injury disease quality life,spinal
spinal cord injury disease quality life,singularity
universal api the,io
tests privacy security me gdpr officer incl penetration dpo procedures policies,stealth
tests privacy security me gdpr officer incl penetration dpo procedures policies,worker
first opt visa extend holders arrive immigrants loans,stilt
coordination healthcare care platform,stitch
musicians watch streaming favorite fun,stream
musicians watch streaming favorite fun,up
musicians watch streaming favorite fun,
solar countries reliable energy affordable,sun
solar countries reliable energy affordable,farmer
automating testing app mobile,test
automating testing app mobile,
apparel customized able mass active corporate key full manufacturing offer,vast
twoway toys children connected family messaging,toy
twoway toys children connected family messaging,mail
twoway toys children connected family messaging,
automotive purchase index internet,cars
house cleaning iphone book,ex
your finances autopilot subscriptions bills lower,TRUE
your finances autopilot subscriptions bills lower,bill
your finances autopilot subscriptions bills lower,
vacation open rental industry,my
vacation open rental industry,vr
game gameswe companywe forward,un
game gameswe companywe forward,hog
come interact designers resources sites place,up
come interact designers resources sites place,labs
glass wine home at,vine
glass wine home at,box
insurance funding crop global starting,world
insurance funding crop global starting,cover
yard revolutionizing care marketplace,yard
yard revolutionizing care marketplace,book
countries powerful analysis developing,zen
countries powerful analysis developing,is
great stories turn into help companies,price
notifies whenever vulnerabilities dependencies vulnerable,app
notifies whenever vulnerabilities dependencies vulnerable,canary
notifies whenever vulnerabilities dependencies vulnerable,
liability warranty chinese install factory contract stop fraud,assembly
oled printed displays flexible,technologies
sandwiches make robots that,bistro
sandwiches make robots that,bot
sandwiches make robots that,
infrastructure video web the,bit
infrastructure video web the,in
milk daily delivery india,daily
agency staffing based web,blue
agency staffing based web,crew
preventing heart disease,body
preventing heart disease,port
boutiques shop lets local worlds best,shop
boutiques shop lets local worlds best,
palantir sales people,byte
companys expenses aligning interest employee healthcare,care
companys expenses aligning interest employee healthcare,ledger
companys expenses aligning interest employee healthcare,
bangladesh dhaka grocery based delivery,chal
bangladesh dhaka grocery based delivery,dal
primary care modern,circle
primary care modern,medical
isp wireless india,wifi
spreadsheets power google,cloud
spreadsheets power google,stitch
rna diagnosis early disease,cofactor
rna diagnosis early disease,genomics
laboratory cannabis b legal powered,confident
laboratory cannabis b legal powered,cannabis
hospitals; prescriptive embedded guidance record predictive,agile
asymmetry shifting cyber security,ymmetr
international trade finance financing rebuild underwriting core transactions,drip
international trade finance financing rebuild underwriting core transactions,capital
office stocking handymen cleaning,eden
office stocking handymen cleaning,eden
truck selfservice rental marketplace,fetch
delivery humanitarian four revolutionising courier founded drone,flirt
delivery humanitarian four revolutionising courier founded drone,ey
icons svg logos pro vector framework add,font
icons svg logos pro vector framework add,awesome
hiring speed built automation scale,fountain
practices available enterprise making,fox
practices available enterprise making,pass
gifts premium corporate customized,gem
gifts premium corporate customized,note
project assemble caltech quote stanford usbased mit does submit,gigster
affordability accessibility advance donors volunteer millions fundraising schools trusted,give
affordability accessibility advance donors volunteer millions fundraising schools trusted,campus
deals grocery,aisle
attorneys paperwork legal startups build,clerk
onpremise key offering giving turn,gravitational
lines give instant on information credit,green
lines give instant on information credit,shoe
women who like network,her
server games social nakama,heroic
server games social nakama,labs
turns experts employees into,hickory
entirely paperwork provider set,human
entirely paperwork provider set,interest
wisdom founders startup,inner
wisdom founders startup,space
nearby sell people to,fob
contract legal teams management,ironclad
system sales phone teams,ping
youtube business,yard
medical ehr practice billing,dr
inmemory ansi sqlcompliant database,mem
inmemory ansi sqlcompliant database,sql
peer expresso transport enterprises,send
simplified global manufacturing,made
simplified global manufacturing,right
handcrafted shoes half luxury brand,markhor
evidence inform realworld treatment,micro
evidence inform realworld treatment,health
hardware grade rolled component labour ecad designing,up
venue marketplace,venue
pioneer homelessness address solutions,new
pioneer homelessness address solutions,story
jump start again never,ohm
responsible socially investing,open
responsible socially investing,invest
effortlessly drop prices back,par
effortlessly drop prices back,bus
partnerships grow lets through,partner
partnerships grow lets through,stack
partnerships grow lets through,
harvest agricultural harvesting gains significant labor,pick
harvest agricultural harvesting gains significant labor,trace
intelligence sectors defence image,ai
sameday optional eating grocer weight membership ingredients,plate
sameday optional eating grocer weight membership ingredients,joy
elearning competitions gamers esports,pro
elearning competitions gamers esports,player
longrange wireless enabling power next generation,reach
longrange wireless enabling power next generation,labs
cannot lend banks see,red
cannot lend banks see,up
groups hotel booking,room
groups hotel booking,blocker
case answer law read complex questions,ross
case answer law read complex questions,intelligence
fragrance perfume sends luxury designer choice netflix,scent
fragrance perfume sends luxury designer choice netflix,bird
it \\x9csee instruction concept prove guided manuals intuitive proven classroom,scope
it \\x9csee instruction concept prove guided manuals intuitive proven classroom,ar
institutional leverage spending investors consumer,second
institutional leverage spending investors consumer,measure
passively mental track health,health
fitness on photorealistic preorder scanner Ã°\\x9f\\x91\\x8d digitizes muscle exactly gain,shape
fitness on photorealistic preorder scanner Ã°\\x9f\\x91\\x8d digitizes muscle exactly gain,scale
robotics chains completely develops,shot
robotics chains completely develops,put
cinematic adventure shareable operators tour photo,shred
cinematic adventure shareable operators tour photo,video
indian investments portfolio tracking,simple
indian investments portfolio tracking,money
circuit boards footprints symbols internets,snape
circuit boards footprints symbols internets,da
sem easy,ad
securely employees personal devices work,sphere
securely employees personal devices work,secure
services clients salons convenience beauty location,style
services clients salons convenience beauty location,bee
cup grabandgo offtheshelf madetoorder tea button rather,tea
cup grabandgo offtheshelf madetoorder tea button rather,bot
cup grabandgo offtheshelf madetoorder tea button rather,
solution marketa vacancy backgrounds paying leasing landlord saves,tenant
solution marketa vacancy backgrounds paying leasing landlord saves,turner
foresight treasury fortune enablement operate,te
foresight treasury fortune enablement operate,rio
internetofthings labs,tetra
internetofthings labs,science
audience events campaign mitigate realize monetization fullstack taken,ticket
audience events campaign mitigate realize monetization fullstack taken, fairy
frontline docs consistency microlearning hands nurses page justintime practices,health
triage threat tuning experts,traversal
triage threat tuning experts,networks
secure collaboration enterprise,aero
cheaply brain drugs diseases treat quickly,verge
cheaply brain drugs diseases treat quickly,genomics
construction planning progress asana jira streamlines complex,vern
construction planning progress asana jira streamlines complex,ox
legal will best way make,willing
watching communicating others sports,fan
watching communicating others sports,vibe
snippets specs designs generate,zep
snippets specs designs generate,lin
takes agony searching accommodations flights,hip
takes agony searching accommodations flights,munk
certain allergy noninvasive skin,labs
artificial drug discovery intelligence,atom
artificial drug discovery intelligence,wise
tracers fracturing nanoparticle characterization,technologies
discovery africa content platform,digital
union whitelabel credit software,bank
union whitelabel credit software,joy
luggage empower travel powered smart,blue
luggage empower travel powered smart,smart
bidding rfx reimagining procurement nextgeneration competitive,bonfire
manuscripts books polished creative turn market,book
manuscripts books polished creative turn market,trope
manuscripts books polished creative turn market,
solarcity developing world,bright
buildings metering smarter lighting little hvac,build
buildings metering smarter lighting little hvac,science
buildings metering smarter lighting little hvac,
transit more comfortable commutesolved commuting ridesharing mass,chariot
ceramic precise plates cook heating grill precision,cinder
dry laundry cleaning delivered,cleanly
boom pivoted dating actually,color
boom pivoted dating actually,dating
yc techenabled estate real company Unnamed: 0,crib
yc techenabled estate real company Unnamed: 0,spot
dashboards business,left
profiles add email to,rapport
governance nations incorruptible corporations whole,democracy
governance nations incorruptible corporations whole,earth
democratic deliberation participation policy citizens institutions,democracy
democratic deliberation participation policy citizens institutions,os
critical betterinformed air assets reliable about,drone
critical betterinformed air assets reliable about,base
woot ios apps,tap
newest telematics fleet builtin rent equipment,equipment
newest telematics fleet builtin rent equipment,share
merchant drastically total reduces,final
ebay resale guaranteed snapchat specialty,flip
versatility startling bulleted zoomable mechanism shareable,work
check writing clean app,glass
check writing clean app,jar
groups communications own improve app,group
groups communications own improve app,ahead
groups communications own improve app,
local food supplying fastestgrowing farmers todays producers convenient,grub
local food supplying fastestgrowing farmers todays producers convenient,market
hourly employers hire screen retail,higher
hourly employers hire screen retail,me
methane chemicals biology upgrade synthetic,industrial
methane chemicals biology upgrade synthetic,microbes
visualizes visualization aggregates content realtime,info
gambling games video in,kickback
get wait asset returns double digit invoicesbusinesses extremely class risk,kick
get wait asset returns double digit invoicesbusinesses extremely class risk,pay
drugstore trusted building online,lab
drugstore trusted building online,door
leads estate real,leadable
eats framing custom software,level
upgrade assistant life personal,magic
solving problem discovery video,now
selfcheckout vision computer using,mash
selfcheckout vision computer using,in
dispensaries sale cannabis point compliance,meadow
surveys researchers mobile,metric
surveys researchers mobile,wire
apis blocks cart include,molt
apis blocks cart include,in
promotions traffic nights foot,instant
centralized booking travel save money,next
centralized booking travel save money,ravel
centralized booking travel save money,
spaced languages provided repetition,ling
blood drug discovery,notable
blood drug discovery,labs
trading goods used,list
buy home better a,open
buy home better a,listings
effect actions messages inside measure behavior push message,outbound
science data \\x9cgit firstclass complete version,pachyderm
price unbeatable compared insanely manufacturers manufacture,ble
accelerated gpu individuals startups,paper
accelerated gpu individuals startups,space
incarcerated loved communicate one search,pigeon
incarcerated loved communicate one search,ly
locks locally remotely electronic internet control,lock
most worth active creators meet,popular
most worth active creators meet,pays
household noselfieswe occasions nationwide hand photomarketing,pretty
household noselfieswe occasions nationwide hand photomarketing,instant
open database source realtime,rethink
brickandmortar empowering shoppers engage retailers sell,rare
brickandmortar empowering shoppers engage retailers sell,door
deviceswe apps fundamentally change hundreds start flow interact our android,raven
deviceswe apps fundamentally change hundreds start flow interact our android,tech
gateway payment modern india,razor
gateway payment modern india,pay
gateway payment modern india,
todays cities transportation future,remix
programs colleges enroll tuition brazil compare partner,education
trafficking actionable human intelligence,rescue
trafficking actionable human intelligence,forensics
sails studio maintain fullservice framework,sails
sails studio maintain fullservice framework,co
medication iv infusion dosage dripassist gravity proper,shift
medication iv infusion dosage dripassist gravity proper,labs
restaurant communication retail solution,shift
restaurant communication retail solution,messenger
bayesian tunes stateoftheart optimizationasaservice behind,sig
bayesian tunes stateoftheart optimizationasaservice behind,opt
bayesian tunes stateoftheart optimizationasaservice behind,
medicine clinics surplus \\x9cmatchcom safetynet institutional,sir
medicine clinics surplus \\x9cmatchcom safetynet institutional,um
accommodations book around,air
stocks index gifts funds,spark
stocks index gifts funds,gift
chronic mindfulness sensor disease,spire
gifting snapchat generation is,spoil
sidewalks doorstep fleet deliver low things,technologies
travellers abroad\\xa0cheaper tourist safer booking,tab
manager project leading development,tara
workforces slack mobile productivity,team
workforces slack mobile productivity,note
asias communities events jobs,tech
asias communities events jobs,Asia
disconnections seeks elderly crowds eliminate lowincome,human
disconnections seeks elderly crowds eliminate lowincome,Utility
intelligent security teams data,thin
intelligent security teams data,air
sync stream collection multiple,echo
bastardizing wine deals,underground
bastardizing wine deals,cellar
among influencers identify engage,user
among influencers identify engage,gems
among influencers identify engage,
utilities detect loss address water,water
utilities detect loss address water,Analytics
smart fibre antitheft turnbyturn valour direction suggestions blind commuting,van
smart fibre antitheft turnbyturn valour direction suggestions blind commuting,hawks
derivatives wider bringing financial,vest
veterinary house demand calls,vet
veterinary house demand calls,pronto
veterinary house demand calls,
graduates apply internships recent jobs,way
graduates apply internships recent jobs,up
clinic sleep digital the,wink
clinic sleep digital the,health
meetings effective saas have,work
meetings effective saas have,life
artisanal producers specialty directly enabling food,food
prostate men invasive bph enlarged affects,zen
prostate men invasive bph enlarged affects,flow
prevent infrared automobile films,alchemy
guards providing every,bannerman
driverless trucks real,robotics
rate subscription optimise help billing you,bill
rate subscription optimise help billing you,forward
rate subscription optimise help billing you,
bitcoin simple make,bit
bitcoin simple make,access
bitcoin simple make,
collection favorite connecting automates,block
collection favorite connecting automates,spring
decentralized computing its easiest,block
decentralized computing its easiest,stack
mediation providers largest one mobile,hey
mediation providers largest one mobile,zap
clara schedules interviews expertise,clara
clara schedules interviews expertise,labs
intuit india of,clear
intuit india of,tax
coffee less money better,craft
coffee less money better,coffee
fight tickets parking iphone,fixed
invitations parties organize groups event,any
inbox collaborative companies,front
midcareer promoted profit non programs,women
midcareer promoted profit non programs,code
name price products your,green
name price products your,toe
environmental analytics social web,co
fusion energy future,he
fusion energy future,lion
brands personalize engaged happy keeping thousands campaigns stuff,hive
relying remarketing marketers happening precisely super simpler setup,hub
relying remarketing marketers happening precisely super simpler setup,lo
apps ipadallows hypercard nontechnical rich publish writing,hyper
apps ipadallows hypercard nontechnical rich publish writing,pad
apps ipadallows hypercard nontechnical rich publish writing,
apps ipadallows hypercard nontechnical rich publish writing,
checkins coaching recognition performance realtime,imp
checkins coaching recognition performance realtime,raise
need you consultations approachable anonymous transformed written licensed weve therapists,in
need you consultations approachable anonymous transformed written licensed weve therapists,your
lawn technician experienced skilled seamlessly everything,lawn
lawn technician experienced skilled seamlessly everything,love
replaces paper lists patient,list
replaces paper lists patient,runner
replaces paper lists patient,
surf webbased save content application enables,snip
selfhealing enrich alerts fix,neptune
selfhealing enrich alerts fix,io
autistic managing students care,nightingale
emission always power,ok
emission always power,lo
genomic discovery search and,one
genomic discovery search and,codex
kickstarter local businesses,owners
kickstarter local businesses,circle
expecting parents communities new,parenthoods
workforce contract tax compliance payments,payable
useful records researchers patients doctors medical,picnic
useful records researchers patients doctors medical,health
hacker news products,product
hacker news products,hunt
ipfs hypermedia operated filecoin bittorrent,protocol
ipfs hypermedia operated filecoin bittorrent,labs
dbaasbased daytoday supporting tasks databases,fathom
dbaasbased daytoday supporting tasks databases,db
smoothies keurig machine,replenish
breast aipowered accessible monitoring personalized,health
hotel reaccommodations guest airline,room
hotel reaccommodations guest airline,storm
push notifications web,roost
intelligent sourcing lead,sales
intelligent sourcing lead,sift
multilanguage deploy application applications,hero
level logistics amazon providing ecommerce,ship
level logistics amazon providing ecommerce,bob
classifieds realtime,shout
enabled agri pan chain,network
waze parking,spot
waze parking,angels
awareness brain health and,spring
awareness brain health and,wit
shuttles incampus self driverless,robotics
investors provide market games,think
investors provide market games,gaming
currency market making digital,tinker
crop irrigation quantity broad prescribe onfarm stress,tule
crop irrigation quantity broad prescribe onfarm stress,technologies
homejoy massage,unwind
homejoy massage,me
integrated communication customer platform,weave
fingerprint instantly pay,whirl
habit developed animation industries,fuzz
whatsapp voice,zip
whatsapp voice,phone
workflows legal compliance modern,abacus
compensation overbooked hated delayed cancelled,air
compensation overbooked hated delayed cancelled,help
compensation overbooked hated delayed cancelled,
experts screen instant chat sharing via,air
experts screen instant chat sharing via,pair
havr installed downloading stream,re
motivation accountability millennial workforce,ambition
splicer magnification dependable cladalignment,view
clothes simulate body,ava
clothes simulate body,metric
calling hassle free without,awesome
calling hassle free without,talk
fashionable wellness Unnamed: 0,bella
fashionable wellness Unnamed: 0,beat
sellers advertising tools marketplace,boost
sellers advertising tools marketplace,able
text engagement patient,care
text engagement patient,message
chargeback dispute automate process,charge
chargeback dispute automate process,hound
chargeback dispute automate process,
teaches middle school kids,code
teaches middle school kids,combat
computer students pursue outofschool diversify hosted pipeline our,code
computer students pursue outofschool diversify hosted pipeline our,now
cars selfdriving,cruise
dates matchmaking person dating meets group,dating
dates matchmaking person dating meets group,ring
monitors tracks car device,drive
monitors tracks car device,pulse
nest garden lawn and,ed
nest garden lawn and,yn
places descriptions adding photos enables share,flag
feefree ticketing optimized mobile,event
feefree ticketing optimized mobile,joy
trade global blend everybody humanity expertise s,flex
trade global blend everybody humanity expertise s,port
churn predicted enterprises,framed
churn predicted enterprises,data
teamwork beta creativity inperson soon thinking,future
teamwork beta creativity inperson soon thinking,league
connects community website application people,loop
tastes meal daily personalized,gobble
interrupting doing message what,hover
interrupting doing message what,chat
vaccine hiv free the,immunity
vaccine hiv free the,project
apis extract exist unstructured clean dont quickly,kimono
apis extract exist unstructured clean dont quickly,labs
impression ctr improvements served mo views conversion properties billions,lift
impression ctr improvements served mo views conversion properties billions,igniter
functional materials printing Unnamed: 0,made
functional materials printing Unnamed: 0,solid
frontpage internet the,red
drink celebrations office delivered,merry
drink celebrations office delivered,mint
unified player music,mixer
unified player music,box
animated ads mobile,motion
animated ads mobile,lead
economical convenient furniture used,move
economical convenient furniture used,loot
verification call realtime technology,next
verification call realtime technology,caller
cup coffee changing personalized,coffee
atrisk economic vital contribute organization lowincome mobility click families,one
atrisk economic vital contribute organization lowincome mobility click families,degree
curriculum administrators awesome teachers,open
curriculum administrators awesome teachers,curriculum
tells locations maximize return investment place,pi
tells locations maximize return investment place,point
expose universities board sign job,job
things push other your,push
things push other your,bullet
sf currently operating same,rickshaw
expenses aligning policy interest,rocket
expenses aligning policy interest,rip
segments sendgrid mailgun sparkpost mandrill,send
segments sendgrid mailgun sparkpost mandrill,us
segments sendgrid mailgun sparkpost mandrill,
evcharging airbnb,up
gowns formal cad pattern dresses makers wedding,me
gowns formal cad pattern dresses makers wedding,
demand design on,sketch
demand design on,deck
homeownership powers Unnamed: 0,snap
homeownership powers Unnamed: 0,docs
lead consultantsemail prioritize well com founders,stack
lead consultantsemail prioritize well com founders,lead
dress p rental,style
dress p rental,lend
customers firsttime magical moments specializing lifetime,ta
customers firsttime magical moments specializing lifetime,tics
transformation envision equitable well datadriven data institutions government,labs
noisy mailing lists actionable group less,th
noisy mailing lists actionable group less,readable
consumers entirely protecting data enterprises focused,TRUE
consumers entirely protecting data enterprises focused,vault
retailers us internationally domestic products or outside riskfree crossborder sites,two
retailers us internationally domestic products or outside riskfree crossborder sites,tap
monthly installments purchases offline merchants card,pal
monthly installments purchases offline merchants card,cred
investors angels toward attract angel close entrepreneurs,unicorn
investors angels toward attract angel close entrepreneurs,ly
keyboards minuum keyboard dango,whirls
keyboards minuum keyboard dango,cape
text developers it speech natural turns actionable,wit
text developers it speech natural turns actionable,ai
instagram whatsapp american paid,to
delicious serves meals healthy restaurants,zesty
backbone knows secret sale internet,zinc
controllers toy wireless game,zo
controllers toy wireless game,pow
charges separately roommates once,split
towards wealth meeting young investments,wise
flowers uber,bloom
flowers uber,that
